{
  "ideal": {
    "configs": [
      "synchronized",
      "desynchronized",
      "half_sync",
      "excitatory",
      "inhibitory"
    ],
    "matrix": [
      [
        1.0,
        0.004507567525718975,
        0.014689068824405325,
        0.03762809993770023,
        0.08174981031748141
      ],
      [
        0.004507567525718975,
        1.0,
        0.0002143407004566323,
        0.014648062405628444,
        0.0017651155582438717
      ],
      [
        0.014689068824405325,
        0.0002143407004566323,
        1.0,
        0.02106441187795064,
        0.006033088260473116
      ],
      [
        0.03762809993770023,
        0.01464806240562845,
        0.02106441187795064,
        1.0,
        0.01222638537737945
      ],
      [
        0.08174981031748141,
        0.001765115558243871,
        0.006033088260473116,
        0.01222638537737945,
        1.0
      ]
    ],
    "diagonal": [
      1.0,
      1.0,
      1.0,
      1.0,
      1.0
    ],
    "off_diagonal_mean": 0.01945259507854381,
    "discrimination_quality": 0.9805474049214562
  },
  "noisy": {
    "configs": [
      "synchronized",
      "desynchronized",
      "half_sync",
      "excitatory",
      "inhibitory"
    ],
    "matrix": [
      [
        1.0,
        0.0038674921886569912,
        0.005778845131710585,
        0.013461550387246233,
        0.02272569177702784
      ],
      [
        0.0038674921886569912,
        1.0,
        0.0006880315869055425,
        0.008045567866840318,
        0.0015146385636838314
      ],
      [
        0.005778845131710585,
        0.0006880315869055425,
        1.0,
        0.01026807147526298,
        0.004760028586344174
      ],
      [
        0.013461550387246233,
        0.008045567866840318,
        0.01026807147526298,
        1.0,
        0.005405234780835984
      ],
      [
        0.02272569177702784,
        0.0015146385636838314,
        0.004760028586344174,
        0.005405234780835984,
        1.0
      ]
    ],
    "diagonal": [
      1.0,
      1.0,
      1.0,
      1.0,
      1.0
    ],
    "off_diagonal_mean": 0.007651515234451449,
    "discrimination_quality": 0.9923484847655486
  }
}