{
  "ideal": {
    "configs": [
      "synchronized",
      "desynchronized",
      "half_sync",
      "excitatory",
      "inhibitory"
    ],
    "matrix": [
      [
        1.0,
        0.004960210521108238,
        0.012335600076630834,
        0.03899062913507393,
        0.06803333188088027
      ],
      [
        0.004960210521108238,
        1.0,
        0.00020465229083870026,
        0.014547479008162906,
        0.0016154361105871404
      ],
      [
        0.012335600076630834,
        0.0002046522908387003,
        1.0,
        0.022354058347516748,
        0.006429888973876091
      ],
      [
        0.03899062913507393,
        0.014547479008162906,
        0.022354058347516748,
        1.0,
        0.012775239909760355
      ],
      [
        0.06803333188088027,
        0.00161543611058714,
        0.006429888973876091,
        0.012775239909760355,
        1.0
      ]
    ],
    "diagonal": [
      1.0,
      1.0,
      1.0,
      1.0,
      1.0
    ],
    "off_diagonal_mean": 0.01822465262544352,
    "discrimination_quality": 0.9817753473745565
  },
  "noisy": {
    "configs": [
      "synchronized",
      "desynchronized",
      "half_sync",
      "excitatory",
      "inhibitory"
    ],
    "matrix": [
      [
        1.0,
        0.003873064200638842,
        0.007606778395283402,
        0.01591788801891707,
        0.028530479730836358
      ],
      [
        0.003873064200638842,
        1.0,
        0.00035282997078875676,
        0.009993577478970136,
        0.0013388791341470364
      ],
      [
        0.007606778395283402,
        0.00035282997078875676,
        1.0,
        0.011697644701253623,
        0.0047528349230480564
      ],
      [
        0.01591788801891707,
        0.009993577478970136,
        0.011697644701253623,
        1.0,
        0.0053665814326555065
      ],
      [
        0.028530479730836358,
        0.0013388791341470364,
        0.0047528349230480564,
        0.0053665814326555065,
        1.0
      ]
    ],
    "diagonal": [
      1.0,
      1.0,
      1.0,
      1.0,
      1.0
    ],
    "off_diagonal_mean": 0.008943055798653881,
    "discrimination_quality": 0.9910569442013462
  },
  "hardware": {
    "configs": [
      "synchronized",
      "desynchronized",
      "half_sync",
      "excitatory",
      "inhibitory"
    ],
    "matrix": [
      [
        1.0,
        0.0031135098055767234,
        0.006625413031707683,
        0.012195782417319148,
        0.014454024191183776
      ],
      [
        0.0031135098055767234,
        1.0,
        0.0008426447147836081,
        0.006255846192033277,
        0.00144571133856305
      ],
      [
        0.006625413031707683,
        0.0008426447147836081,
        1.0,
        0.010136155738989462,
        0.004941212184206928
      ],
      [
        0.012195782417319148,
        0.006255846192033277,
        0.010136155738989462,
        1.0,
        0.00546591666727917
      ],
      [
        0.014454024191183776,
        0.00144571133856305,
        0.004941212184206928,
        0.00546591666727917,
        1.0
      ]
    ],
    "diagonal": [
      1.0,
      1.0,
      1.0,
      1.0,
      1.0
    ],
    "off_diagonal_mean": 0.006547621628164283,
    "discrimination_quality": 0.9934523783718358
  }
}