{
  "configs": [
    "synchronized",
    "desynchronized",
    "half_sync",
    "excitatory",
    "inhibitory"
  ],
  "ideal_vs_noisy": {
    "synchronized": 0.0381780996659123,
    "desynchronized": 0.3233996763333702,
    "half_sync": 0.17504469243046858,
    "excitatory": 0.07669554496416033,
    "inhibitory": 0.10081827120084058
  },
  "ideal_vs_hardware": {
    "synchronized": 0.021145689380607156,
    "desynchronized": 0.24234896253776986,
    "half_sync": 0.12174565044515588,
    "excitatory": 0.0452719606133901,
    "inhibitory": 0.05182909175001415
  },
  "noisy_vs_hardware": {
    "synchronized": 0.015289834467091055,
    "desynchronized": 0.20897004821228524,
    "half_sync": 0.09791563963962269,
    "excitatory": 0.034078432510114505,
    "inhibitory": 0.03612884171418241
  },
  "summary": {
    "ideal_vs_noisy": {
      "mean": 0.14282725691895037,
      "std": 0.10073129218373279,
      "min": 0.0381780996659123,
      "max": 0.3233996763333702
    },
    "ideal_vs_hardware": {
      "mean": 0.09646827094538743,
      "std": 0.08025874643710418,
      "min": 0.021145689380607156,
      "max": 0.24234896253776986
    },
    "noisy_vs_hardware": {
      "mean": 0.07847655930865918,
      "std": 0.07094154429562367,
      "min": 0.015289834467091055,
      "max": 0.20897004821228524
    }
  }
}