{
  "channel_counts": [
    2,
    4,
    6,
    8
  ],
  "qubits": [
    5,
    9,
    13,
    17
  ],
  "original_depth": [
    12,
    14,
    16,
    18
  ],
  "transpiled_depth": [
    33,
    62,
    73,
    114
  ],
  "two_qubit_gates": [
    14,
    34,
    67,
    97
  ],
  "total_gates": [
    84,
    207,
    332,
    480
  ],
  "linear_fit": {
    "slope": 14.099999999999998,
    "intercept": -17.49999999999997,
    "formula": "2Q_gates ~ 14.1*M + -17.5"
  }
}