{
  "per_subject": {
    "chb01": {
      "n_test": 24,
      "accuracy": 0.5833333333333334,
      "precision": 0.5833333333333334,
      "recall": 1.0,
      "f1": 0.7368421052631579,
      "auc": 0.4785714285714286,
      "mean_score_pos": 0.001017095507192593,
      "mean_score_neg": 0.0009193132346409869,
      "separation": 9.77822725516061e-05,
      "direction": "Correct"
    },
    "chb02": {
      "n_test": 16,
      "accuracy": 0.375,
      "precision": 0.375,
      "recall": 1.0,
      "f1": 0.5454545454545454,
      "auc": 0.29999999999999993,
      "mean_score_pos": 0.0005085799090792572,
      "mean_score_neg": 0.0006101362625760214,
      "separation": -0.00010155635349676424,
      "direction": "Inverted"
    },
    "chb03": {
      "n_test": 24,
      "accuracy": 0.5833333333333334,
      "precision": 0.5833333333333334,
      "recall": 1.0,
      "f1": 0.7368421052631579,
      "auc": 0.5071428571428571,
      "mean_score_pos": 0.002620923534779972,
      "mean_score_neg": 0.0015707825882381756,
      "separation": 0.0010501409465417963,
      "direction": "Correct"
    },
    "chb04": {
      "n_test": 18,
      "accuracy": 0.4444444444444444,
      "precision": 0.4444444444444444,
      "recall": 1.0,
      "f1": 0.6153846153846154,
      "auc": 0.8,
      "mean_score_pos": 0.0011485336486305136,
      "mean_score_neg": 0.0022868289718848715,
      "separation": -0.0011382953232543578,
      "direction": "Inverted"
    },
    "chb05": {
      "n_test": 20,
      "accuracy": 0.5,
      "precision": 0.5,
      "recall": 1.0,
      "f1": 0.6666666666666666,
      "auc": 0.6600000000000001,
      "mean_score_pos": 0.005123653030189505,
      "mean_score_neg": 0.0017298361026190756,
      "separation": 0.0033938169275704293,
      "direction": "Correct"
    },
    "chb06": {
      "n_test": 30,
      "accuracy": 0.6666666666666666,
      "precision": 0.6666666666666666,
      "recall": 1.0,
      "f1": 0.8,
      "auc": 0.505,
      "mean_score_pos": 0.0005534835211569211,
      "mean_score_neg": 0.0006653519729210949,
      "separation": -0.0001118684517641738,
      "direction": "Inverted"
    },
    "chb07": {
      "n_test": 16,
      "accuracy": 0.375,
      "precision": 0.375,
      "recall": 1.0,
      "f1": 0.5454545454545454,
      "auc": 0.7000000000000001,
      "mean_score_pos": 0.003381364116548699,
      "mean_score_neg": 0.00038206738416438014,
      "separation": 0.002999296732384319,
      "direction": "Correct"
    },
    "chb08": {
      "n_test": 20,
      "accuracy": 0.5,
      "precision": 0.5,
      "recall": 1.0,
      "f1": 0.6666666666666666,
      "auc": 0.6,
      "mean_score_pos": 0.003250503088400688,
      "mean_score_neg": 0.003234126730516768,
      "separation": 1.6376357883919786e-05,
      "direction": "Correct"
    },
    "chb09": {
      "n_test": 18,
      "accuracy": 0.4444444444444444,
      "precision": 0.4444444444444444,
      "recall": 1.0,
      "f1": 0.6153846153846154,
      "auc": 0.55,
      "mean_score_pos": 0.004109011810567562,
      "mean_score_neg": 0.0010027735515670522,
      "separation": 0.0031062382590005097,
      "direction": "Correct"
    },
    "chb10": {
      "n_test": 24,
      "accuracy": 0.5833333333333334,
      "precision": 0.5833333333333334,
      "recall": 1.0,
      "f1": 0.7368421052631579,
      "auc": 0.44285714285714284,
      "mean_score_pos": 0.003620708267347433,
      "mean_score_neg": 0.0017763756340660655,
      "separation": 0.0018443326332813676,
      "direction": "Correct"
    },
    "chb11": {
      "n_test": 16,
      "accuracy": 0.375,
      "precision": 0.375,
      "recall": 1.0,
      "f1": 0.5454545454545454,
      "auc": 0.5,
      "mean_score_pos": 0.0013360207955471712,
      "mean_score_neg": 0.001502055832706471,
      "separation": -0.00016603503715929987,
      "direction": "Inverted"
    },
    "chb13": {
      "n_test": 34,
      "accuracy": 0.7058823529411765,
      "precision": 0.7058823529411765,
      "recall": 1.0,
      "f1": 0.8275862068965517,
      "auc": 0.4875,
      "mean_score_pos": 0.001900754161871671,
      "mean_score_neg": 0.002636711143455832,
      "separation": -0.0007359569815841612,
      "direction": "Inverted"
    },
    "chb14": {
      "n_test": 26,
      "accuracy": 0.6153846153846154,
      "precision": 0.6153846153846154,
      "recall": 1.0,
      "f1": 0.7619047619047619,
      "auc": 0.63125,
      "mean_score_pos": 0.000722781540250626,
      "mean_score_neg": 0.0004165985646607228,
      "separation": 0.00030618297558990314,
      "direction": "Correct"
    },
    "chb15": {
      "n_test": 50,
      "accuracy": 0.8,
      "precision": 0.8,
      "recall": 1.0,
      "f1": 0.8888888888888888,
      "auc": 0.48250000000000004,
      "mean_score_pos": 0.0006772987663119899,
      "mean_score_neg": 0.0038652017468409983,
      "separation": -0.0031879029805290085,
      "direction": "Inverted"
    },
    "chb16": {
      "n_test": 30,
      "accuracy": 0.6666666666666666,
      "precision": 0.6666666666666666,
      "recall": 1.0,
      "f1": 0.8,
      "auc": 0.44,
      "mean_score_pos": 0.0012468321318083527,
      "mean_score_neg": 0.0025869803531642535,
      "separation": -0.0013401482213559008,
      "direction": "Inverted"
    },
    "chb17": {
      "n_test": 16,
      "accuracy": 0.375,
      "precision": 0.375,
      "recall": 1.0,
      "f1": 0.5454545454545454,
      "auc": 0.4333333333333333,
      "mean_score_pos": 0.0004764607386853217,
      "mean_score_neg": 0.0014133457617082458,
      "separation": -0.0009368850230229242,
      "direction": "Inverted"
    },
    "chb18": {
      "n_test": 22,
      "accuracy": 0.5454545454545454,
      "precision": 0.5454545454545454,
      "recall": 1.0,
      "f1": 0.7058823529411765,
      "auc": 0.5333333333333333,
      "mean_score_pos": 0.000542327527858562,
      "mean_score_neg": 0.0006946071135840767,
      "separation": -0.0001522795857255147,
      "direction": "Inverted"
    },
    "chb19": {
      "n_test": 16,
      "accuracy": 0.375,
      "precision": 0.375,
      "recall": 1.0,
      "f1": 0.5454545454545454,
      "auc": 0.6333333333333333,
      "mean_score_pos": 0.0008626572819681247,
      "mean_score_neg": 0.0006260407885918013,
      "separation": 0.00023661649337632345,
      "direction": "Correct"
    },
    "chb20": {
      "n_test": 26,
      "accuracy": 0.6153846153846154,
      "precision": 0.6153846153846154,
      "recall": 1.0,
      "f1": 0.7619047619047619,
      "auc": 0.4124999999999999,
      "mean_score_pos": 0.0007737296021521578,
      "mean_score_neg": 0.0013024705627117414,
      "separation": -0.0005287409605595836,
      "direction": "Inverted"
    },
    "chb21": {
      "n_test": 18,
      "accuracy": 0.4444444444444444,
      "precision": 0.4444444444444444,
      "recall": 1.0,
      "f1": 0.6153846153846154,
      "auc": 0.35,
      "mean_score_pos": 0.003115929273262826,
      "mean_score_neg": 0.001627726999565811,
      "separation": 0.001488202273697015,
      "direction": "Correct"
    },
    "chb22": {
      "n_test": 16,
      "accuracy": 0.375,
      "precision": 0.375,
      "recall": 1.0,
      "f1": 0.5454545454545454,
      "auc": 0.7166666666666667,
      "mean_score_pos": 0.0020437066047722316,
      "mean_score_neg": 0.002357251047713828,
      "separation": -0.0003135444429415964,
      "direction": "Inverted"
    },
    "chb23": {
      "n_test": 24,
      "accuracy": 0.5833333333333334,
      "precision": 0.5833333333333334,
      "recall": 1.0,
      "f1": 0.7368421052631579,
      "auc": 0.6,
      "mean_score_pos": 0.0009812763390208677,
      "mean_score_neg": 0.0003331113023767666,
      "separation": 0.0006481650366441011,
      "direction": "Correct"
    }
  },
  "overall": {
    "n_segments": 504,
    "accuracy": 0.5634920634920635,
    "precision": 0.5634920634920635,
    "recall": 1.0,
    "f1": 0.7208121827411168,
    "auc": 0.5291293213828425
  },
  "band": "4-8Hz",