{
  "per_subject": {
    "chb01": {
      "n_test": 24,
      "accuracy": 0.5833333333333334,
      "precision": 0.5833333333333334,
      "recall": 1.0,
      "f1": 0.7368421052631579,
      "auc": 0.47857142857142854,
      "mean_score_pos": 0.0011618618705521134,
      "mean_score_neg": 0.0024961155692112026,
      "separation": -0.0013342536986590892,
      "direction": "Inverted"
    },
    "chb02": {
      "n_test": 16,
      "accuracy": 0.375,
      "precision": 0.375,
      "recall": 1.0,
      "f1": 0.5454545454545454,
      "auc": 0.28333333333333327,
      "mean_score_pos": 0.00021460213319968578,
      "mean_score_neg": 0.0006400805791216079,
      "separation": -0.0004254784459219221,
      "direction": "Inverted"
    },
    "chb03": {
      "n_test": 24,
      "accuracy": 0.5833333333333334,
      "precision": 0.5833333333333334,
      "recall": 1.0,
      "f1": 0.7368421052631579,
      "auc": 0.4642857142857143,
      "mean_score_pos": 0.0005682549151199843,
      "mean_score_neg": 0.0014999309960981515,
      "separation": -0.0009316760809781672,
      "direction": "Inverted"
    },
    "chb04": {
      "n_test": 18,
      "accuracy": 0.4444444444444444,
      "precision": 0.4444444444444444,
      "recall": 1.0,
      "f1": 0.6153846153846154,
      "auc": 0.3,
      "mean_score_pos": 0.001980270281007174,
      "mean_score_neg": 0.004383077426706937,
      "separation": -0.0024028071456997633,
      "direction": "Inverted"
    },
    "chb05": {
      "n_test": 20,
      "accuracy": 0.5,
      "precision": 0.5,
      "recall": 1.0,
      "f1": 0.6666666666666666,
      "auc": 0.41000000000000003,
      "mean_score_pos": 0.0002761878286326044,
      "mean_score_neg": 0.005496727098983849,
      "separation": -0.005220539270351245,
      "direction": "Inverted"
    },
    "chb06": {
      "n_test": 30,
      "accuracy": 0.6666666666666666,
      "precision": 0.6666666666666666,
      "recall": 1.0,
      "f1": 0.8,
      "auc": 0.59,
      "mean_score_pos": 0.0026852137112935996,
      "mean_score_neg": 0.001034102000583384,
      "separation": 0.0016511117107102155,
      "direction": "Correct"
    },
    "chb07": {
      "n_test": 16,
      "accuracy": 0.375,
      "precision": 0.375,
      "recall": 1.0,
      "f1": 0.5454545454545454,
      "auc": 0.6166666666666667,
      "mean_score_pos": 0.0018455768000692114,
      "mean_score_neg": 0.001377628929650465,
      "separation": 0.00046794787041874644,
      "direction": "Correct"
    },
    "chb08": {
      "n_test": 20,
      "accuracy": 0.5,
      "precision": 0.5,
      "recall": 1.0,
      "f1": 0.6666666666666666,
      "auc": 0.4,
      "mean_score_pos": 0.001985440240839317,
      "mean_score_neg": 0.0012188760359302924,
      "separation": 0.0007665642049090246,
      "direction": "Correct"
    },
    "chb09": {
      "n_test": 18,
      "accuracy": 0.4444444444444444,
      "precision": 0.4444444444444444,
      "recall": 1.0,
      "f1": 0.6153846153846154,
      "auc": 0.26250000000000007,
      "mean_score_pos": 0.00031878909307320635,
      "mean_score_neg": 0.0013820339922226623,
      "separation": -0.001063244899149456,
      "direction": "Inverted"
    },
    "chb10": {
      "n_test": 24,
      "accuracy": 0.5833333333333334,
      "precision": 0.5833333333333334,
      "recall": 1.0,
      "f1": 0.7368421052631579,
      "auc": 0.5357142857142857,
      "mean_score_pos": 0.00163954456537299,
      "mean_score_neg": 0.0005890943245257509,
      "separation": 0.001050450240847239,
      "direction": "Correct"
    },
    "chb11": {
      "n_test": 16,
      "accuracy": 0.375,
      "precision": 0.375,
      "recall": 1.0,
      "f1": 0.5454545454545454,
      "auc": 0.6333333333333333,
      "mean_score_pos": 0.011321278798948453,
      "mean_score_neg": 0.004891814776289959,
      "separation": 0.006429464022658494,
      "direction": "Correct"
    },
    "chb13": {
      "n_test": 34,
      "accuracy": 0.7058823529411765,
      "precision": 0.7058823529411765,
      "recall": 1.0,
      "f1": 0.8275862068965517,
      "auc": 0.4375,
      "mean_score_pos": 0.0007214284386020745,
      "mean_score_neg": 0.001051641202106894,
      "separation": -0.00033021276350481956,
      "direction": "Inverted"
    },
    "chb14": {
      "n_test": 26,
      "accuracy": 0.6153846153846154,
      "precision": 0.6153846153846154,
      "recall": 1.0,
      "f1": 0.7619047619047619,
      "auc": 0.65,
      "mean_score_pos": 0.0032590586223437672,
      "mean_score_neg": 0.0008264955059794115,
      "separation": 0.0024325631163643557,
      "direction": "Correct"
    },
    "chb15": {
      "n_test": 50,
      "accuracy": 0.8,
      "precision": 0.8,
      "recall": 1.0,
      "f1": 0.8888888888888888,
      "auc": 0.5549999999999999,
      "mean_score_pos": 0.0005652388990478963,
      "mean_score_neg": 0.000776661915309371,
      "separation": -0.00021142301626147478,
      "direction": "Inverted"
    },
    "chb16": {
      "n_test": 30,
      "accuracy": 0.6666666666666666,
      "precision": 0.6666666666666666,
      "recall": 1.0,
      "f1": 0.8,
      "auc": 0.435,
      "mean_score_pos": 0.004545587613334919,
      "mean_score_neg": 0.0014537089982738034,
      "separation": 0.003091878615061115,
      "direction": "Correct"
    },
    "chb17": {
      "n_test": 16,
      "accuracy": 0.375,
      "precision": 0.375,
      "recall": 1.0,
      "f1": 0.5454545454545454,
      "auc": 0.41666666666666663,
      "mean_score_pos": 0.0012370023687852966,
      "mean_score_neg": 0.001363466836545682,
      "separation": -0.0001264644677603853,
      "direction": "Inverted"
    },
    "chb18": {
      "n_test": 22,
      "accuracy": 0.5454545454545454,
      "precision": 0.5454545454545454,
      "recall": 1.0,
      "f1": 0.7058823529411765,
      "auc": 0.25,
      "mean_score_pos": 0.00034812297813863495,
      "mean_score_neg": 0.00533204733552455,
      "separation": -0.004983924357385915,
      "direction": "Inverted"
    },
    "chb19": {
      "n_test": 16,
      "accuracy": 0.375,
      "precision": 0.375,
      "recall": 1.0,
      "f1": 0.5454545454545454,
      "auc": 0.5333333333333333,
      "mean_score_pos": 0.00153044086553675,
      "mean_score_neg": 0.0012260143859618247,
      "separation": 0.00030442647957492535,
      "direction": "Correct"
    },
    "chb20": {
      "n_test": 26,
      "accuracy": 0.6153846153846154,
      "precision": 0.6153846153846154,
      "recall": 1.0,
      "f1": 0.7619047619047619,
      "auc": 0.54375,
      "mean_score_pos": 0.0013231485136748053,
      "mean_score_neg": 0.0031970187010499237,
      "separation": -0.0018738701873751184,
      "direction": "Inverted"
    },
    "chb21": {
      "n_test": 18,
      "accuracy": 0.4444444444444444,
      "precision": 0.4444444444444444,
      "recall": 1.0,
      "f1": 0.6153846153846154,
      "auc": 0.6625,
      "mean_score_pos": 0.0019373762339286523,
      "mean_score_neg": 0.0023338318519818533,
      "separation": -0.00039645561805320105,
      "direction": "Inverted"
    },
    "chb22": {
      "n_test": 16,
      "accuracy": 0.375,
      "precision": 0.375,
      "recall": 1.0,
      "f1": 0.5454545454545454,
      "auc": 0.4333333333333333,
      "mean_score_pos": 0.00027001899509688317,
      "mean_score_neg": 0.0013949549938566314,
      "separation": -0.0011249359987597482,
      "direction": "Inverted"
    },
    "chb23": {
      "n_test": 24,
      "accuracy": 0.5833333333333334,
      "precision": 0.5833333333333334,
      "recall": 1.0,
      "f1": 0.7368421052631579,
      "auc": 0.42857142857142855,
      "mean_score_pos": 0.0014487109313221947,
      "mean_score_neg": 0.0006934690956430349,
      "separation": 0.0007552418356791598,
      "direction": "Correct"
    }
  },
  "overall": {
    "n_segments": 504,
    "accuracy": 0.5634920634920635,
    "precision": 0.5634920634920635,
    "recall": 1.0,
    "f1": 0.7208121827411168,