{
  "per_subject": {
    "chb01": {
      "n_test": 24,
      "accuracy": 0.5833333333333334,
      "precision": 0.5833333333333334,
      "recall": 1.0,
      "f1": 0.7368421052631579,
      "auc": 0.3357142857142857,
      "mean_score_pos": 0.0003737108191180578,
      "mean_score_neg": 0.0009428510582950081,
      "separation": -0.0005691402391769503,
      "direction": "Inverted"
    },
    "chb02": {
      "n_test": 16,
      "accuracy": 0.375,
      "precision": 0.375,
      "recall": 1.0,
      "f1": 0.5454545454545454,
      "auc": 0.5166666666666666,
      "mean_score_pos": 0.0005494195000297322,
      "mean_score_neg": 0.0010316609249470974,
      "separation": -0.0004822414249173652,
      "direction": "Inverted"
    },
    "chb03": {
      "n_test": 24,
      "accuracy": 0.5833333333333334,
      "precision": 0.5833333333333334,
      "recall": 1.0,
      "f1": 0.7368421052631579,
      "auc": 0.9500000000000001,
      "mean_score_pos": 0.0019511666106508396,
      "mean_score_neg": 5.7450873097856505e-05,
      "separation": 0.0018937157375529831,
      "direction": "Correct"
    },
    "chb04": {
      "n_test": 18,
      "accuracy": 0.4444444444444444,
      "precision": 0.4444444444444444,
      "recall": 1.0,
      "f1": 0.6153846153846154,
      "auc": 0.5750000000000001,
      "mean_score_pos": 0.0005007357332974679,
      "mean_score_neg": 0.0053004393813753155,
      "separation": -0.004799703648077847,
      "direction": "Inverted"
    },
    "chb05": {
      "n_test": 20,
      "accuracy": 0.5,
      "precision": 0.5,
      "recall": 1.0,
      "f1": 0.6666666666666666,
      "auc": 0.59,
      "mean_score_pos": 0.004995511899710676,
      "mean_score_neg": 0.0018701753221815908,
      "separation": 0.003125336577529085,
      "direction": "Correct"
    },
    "chb06": {
      "n_test": 30,
      "accuracy": 0.6666666666666666,
      "precision": 0.6666666666666666,
      "recall": 1.0,
      "f1": 0.8,
      "auc": 0.545,
      "mean_score_pos": 0.0014770095038545215,
      "mean_score_neg": 0.0006989633955400241,
      "separation": 0.0007780461083144975,
      "direction": "Correct"
    },
    "chb07": {
      "n_test": 16,
      "accuracy": 0.375,
      "precision": 0.375,
      "recall": 1.0,
      "f1": 0.5454545454545454,
      "auc": 0.7666666666666666,
      "mean_score_pos": 0.002016113777604391,
      "mean_score_neg": 0.000489450792083529,
      "separation": 0.001526662985520862,
      "direction": "Correct"
    },
    "chb08": {
      "n_test": 20,
      "accuracy": 0.5,
      "precision": 0.5,
      "recall": 1.0,
      "f1": 0.6666666666666666,
      "auc": 0.42999999999999994,
      "mean_score_pos": 0.0004442599358944643,
      "mean_score_neg": 0.00029790788237721836,
      "separation": 0.00014635205351724596,
      "direction": "Correct"
    },
    "chb09": {
      "n_test": 18,
      "accuracy": 0.4444444444444444,
      "precision": 0.4444444444444444,
      "recall": 1.0,
      "f1": 0.6153846153846154,
      "auc": 0.7875,
      "mean_score_pos": 0.0020485476537119053,
      "mean_score_neg": 0.00010069057609852258,
      "separation": 0.0019478570776133826,
      "direction": "Correct"
    },
    "chb10": {
      "n_test": 24,
      "accuracy": 0.5833333333333334,
      "precision": 0.5833333333333334,
      "recall": 1.0,
      "f1": 0.7368421052631579,
      "auc": 0.26428571428571423,
      "mean_score_pos": 0.0003624956287567534,
      "mean_score_neg": 0.0016734697006630793,
      "separation": -0.0013109740719063259,
      "direction": "Inverted"
    },
    "chb11": {
      "n_test": 16,
      "accuracy": 0.375,
      "precision": 0.375,
      "recall": 1.0,
      "f1": 0.5454545454545454,
      "auc": 0.9,
      "mean_score_pos": 0.0028648643512142473,
      "mean_score_neg": 0.00015193494604733758,
      "separation": 0.0027129294051669098,
      "direction": "Correct"
    },
    "chb13": {
      "n_test": 34,
      "accuracy": 0.7058823529411765,
      "precision": 0.7058823529411765,
      "recall": 1.0,
      "f1": 0.8275862068965517,
      "auc": 0.5166666666666667,
      "mean_score_pos": 0.0012680854776743755,
      "mean_score_neg": 0.002642714790787994,
      "separation": -0.0013746293131136186,
      "direction": "Inverted"
    },
    "chb14": {
      "n_test": 26,
      "accuracy": 0.6153846153846154,
      "precision": 0.6153846153846154,
      "recall": 1.0,
      "f1": 0.7619047619047619,
      "auc": 0.36250000000000004,
      "mean_score_pos": 0.0006559916328604839,
      "mean_score_neg": 0.00039782509860941586,
      "separation": 0.0002581665342510681,
      "direction": "Correct"
    },
    "chb15": {
      "n_test": 50,
      "accuracy": 0.8,
      "precision": 0.8,
      "recall": 1.0,
      "f1": 0.8888888888888888,
      "auc": 0.47250000000000003,
      "mean_score_pos": 0.000411542738592853,
      "mean_score_neg": 0.0005466913507032692,
      "separation": -0.00013514861211041626,
      "direction": "Inverted"
    },
    "chb16": {
      "n_test": 30,
      "accuracy": 0.6666666666666666,
      "precision": 0.6666666666666666,
      "recall": 1.0,
      "f1": 0.8,
      "auc": 0.44499999999999995,
      "mean_score_pos": 0.001089608802677295,
      "mean_score_neg": 0.0005691056214443573,
      "separation": 0.0005205031812329377,
      "direction": "Correct"
    },
    "chb17": {
      "n_test": 16,
      "accuracy": 0.375,
      "precision": 0.375,
      "recall": 1.0,
      "f1": 0.5454545454545454,
      "auc": 0.5333333333333333,
      "mean_score_pos": 0.0011395404373622058,
      "mean_score_neg": 0.0015101603159922905,
      "separation": -0.0003706198786300847,
      "direction": "Inverted"
    },
    "chb18": {
      "n_test": 22,
      "accuracy": 0.5454545454545454,
      "precision": 0.5454545454545454,
      "recall": 1.0,
      "f1": 0.7058823529411765,
      "auc": 0.43333333333333335,
      "mean_score_pos": 0.0019338849474745247,
      "mean_score_neg": 0.0011237904260963509,
      "separation": 0.0008100945213781738,
      "direction": "Correct"
    },
    "chb19": {
      "n_test": 16,
      "accuracy": 0.375,
      "precision": 0.375,
      "recall": 1.0,
      "f1": 0.5454545454545454,
      "auc": 0.3,
      "mean_score_pos": 0.0008428440315176281,
      "mean_score_neg": 0.0019599157364406294,
      "separation": -0.0011170717049230013,
      "direction": "Inverted"
    },
    "chb20": {
      "n_test": 26,
      "accuracy": 0.6153846153846154,
      "precision": 0.6153846153846154,
      "recall": 1.0,
      "f1": 0.7619047619047619,
      "auc": 0.48749999999999993,
      "mean_score_pos": 0.0013515612900728724,
      "mean_score_neg": 0.0014500458524474933,
      "separation": -9.848456237462086e-05,
      "direction": "Inverted"
    },
    "chb21": {
      "n_test": 18,
      "accuracy": 0.4444444444444444,
      "precision": 0.4444444444444444,
      "recall": 1.0,
      "f1": 0.6153846153846154,
      "auc": 0.65,
      "mean_score_pos": 0.0012952441553386667,
      "mean_score_neg": 0.0008953292687029097,
      "separation": 0.000399914886635757,
      "direction": "Correct"
    },
    "chb22": {
      "n_test": 16,
      "accuracy": 0.375,
      "precision": 0.375,
      "recall": 1.0,
      "f1": 0.5454545454545454,
      "auc": 0.2333333333333333,
      "mean_score_pos": 0.00023482741012170448,
      "mean_score_neg": 0.005993217696324885,
      "separation": -0.0057583902862031805,
      "direction": "Inverted"
    },
    "chb23": {
      "n_test": 24,
      "accuracy": 0.5833333333333334,
      "precision": 0.5833333333333334,
      "recall": 1.0,
      "f1": 0.7368421052631579,
      "auc": 0.43571428571428567,
      "mean_score_pos": 0.0011889933426582604,
      "mean_score_neg": 0.003048913057565168,
      "separation": -0.0018599197149069074,
      "direction": "Inverted"
    }
  },
  "overall": {
    "n_segments": 504,
    "accuracy": 0.5634920634920635,
    "precision": 0.5634920634920635,
    "recall": 1.0,