{
  "per_subject": {
    "chb01": {
      "n_test": 24,
      "accuracy": 0.875,
      "precision": 0.9230769230769231,
      "recall": 0.8571428571428571,
      "f1": 0.8888888888888888,
      "auc": 0.9571428571428572
    },
    "chb02": {
      "n_test": 16,
      "accuracy": 0.75,
      "precision": 0.625,
      "recall": 0.8333333333333334,
      "f1": 0.7142857142857143,
      "auc": 0.8833333333333333
    },
    "chb03": {
      "n_test": 24,
      "accuracy": 0.4583333333333333,
      "precision": 0.5263157894736842,
      "recall": 0.7142857142857143,
      "f1": 0.6060606060606061,
      "auc": 0.55
    },
    "chb04": {
      "n_test": 18,
      "accuracy": 0.5,
      "precision": 0.45454545454545453,
      "recall": 0.625,
      "f1": 0.5263157894736842,
      "auc": 0.6125
    },
    "chb05": {
      "n_test": 20,
      "accuracy": 0.6,
      "precision": 0.5555555555555556,
      "recall": 1.0,
      "f1": 0.7142857142857143,
      "auc": 0.9199999999999999
    },
    "chb06": {
      "n_test": 30,
      "accuracy": 0.6666666666666666,
      "precision": 0.6666666666666666,
      "recall": 1.0,
      "f1": 0.8,
      "auc": 0.52
    },
    "chb07": {
      "n_test": 16,
      "accuracy": 0.625,
      "precision": 0.5,
      "recall": 1.0,
      "f1": 0.6666666666666666,
      "auc": 0.6833333333333333
    },
    "chb08": {
      "n_test": 20,
      "accuracy": 0.5,
      "precision": 0.5,
      "recall": 1.0,
      "f1": 0.6666666666666666,
      "auc": 0.45000000000000007
    },
    "chb09": {
      "n_test": 18,
      "accuracy": 0.4444444444444444,
      "precision": 0.4375,
      "recall": 0.875,
      "f1": 0.5833333333333334,
      "auc": 0.775
    },
    "chb10": {
      "n_test": 24,
      "accuracy": 0.5833333333333334,
      "precision": 0.5833333333333334,
      "recall": 1.0,
      "f1": 0.7368421052631579,
      "auc": 0.8
    },
    "chb11": {
      "n_test": 16,
      "accuracy": 0.625,
      "precision": 0.5,
      "recall": 0.5,
      "f1": 0.5,
      "auc": 0.5833333333333333
    },
    "chb13": {
      "n_test": 34,
      "accuracy": 0.4411764705882353,
      "precision": 0.6666666666666666,
      "recall": 0.4166666666666667,
      "f1": 0.5128205128205128,
      "auc": 0.4291666666666667
    },
    "chb14": {
      "n_test": 26,
      "accuracy": 0.38461538461538464,
      "precision": 0.5,
      "recall": 0.625,
      "f1": 0.5555555555555556,
      "auc": 0.24374999999999997
    },
    "chb15": {
      "n_test": 50,
      "accuracy": 0.26,
      "precision": 0.7142857142857143,
      "recall": 0.125,
      "f1": 0.2127659574468085,
      "auc": 0.4625
    },
    "chb16": {
      "n_test": 30,
      "accuracy": 0.7,
      "precision": 0.9230769230769231,
      "recall": 0.6,
      "f1": 0.7272727272727273,
      "auc": 0.785
    },
    "chb17": {
      "n_test": 16,
      "accuracy": 0.1875,
      "precision": 0.1111111111111111,
      "recall": 0.16666666666666666,
      "f1": 0.13333333333333333,
      "auc": 0.09999999999999999
    },
    "chb18": {
      "n_test": 22,
      "accuracy": 0.7272727272727273,
      "precision": 0.75,
      "recall": 0.75,
      "f1": 0.75,
      "auc": 0.7916666666666666
    },
    "chb19": {
      "n_test": 16,
      "accuracy": 0.6875,
      "precision": 0.6,
      "recall": 0.5,
      "f1": 0.5454545454545454,
      "auc": 0.65
    },
    "chb20": {
      "n_test": 26,
      "accuracy": 0.9230769230769231,
      "precision": 0.8888888888888888,
      "recall": 1.0,
      "f1": 0.9411764705882353,
      "auc": 0.9375
    },
    "chb21": {
      "n_test": 18,
      "accuracy": 0.6666666666666666,
      "precision": 0.75,
      "recall": 0.375,
      "f1": 0.5,
      "auc": 0.625
    },
    "chb22": {
      "n_test": 16,
      "accuracy": 0.5625,
      "precision": 0.46153846153846156,
      "recall": 1.0,
      "f1": 0.631578947368421,
      "auc": 1.0
    },
    "chb23": {
      "n_test": 24,
      "accuracy": 0.5416666666666666,
      "precision": 0.5882352941176471,
      "recall": 0.7142857142857143,
      "f1": 0.6451612903225806,
      "auc": 0.6785714285714286
    }
  },
  "overall": {
    "n_segments": 504,
    "accuracy": 0.5634920634920635,
    "precision": 0.603225806451613,
    "recall": 0.6584507042253521,
    "f1": 0.6296296296296297,
    "auc": 0.5989116517285531
  },
  "model_params": {
    "classifier": "XGBoost-8ch",
    "n_channels": 8,
    "n_estimators": 200,
    "n_bags": 5,
    "n_features": 156,
    "window_sec": 30.0
  }
}