{
  "overall": {
    "ictal_in_mandelbrot": 0.7362637362637363,
    "ictal_count": 182,
    "interictal_in_mandelbrot": 0.7794285714285715,
    "interictal_count": 1750,
    "preictal_in_mandelbrot": 0.6813186813186813,
    "preictal_count": 182
  },
  "per_subject": {
    "chb01": {
      "n_ictal": 7,
      "n_preictal": 7,
      "n_interictal": 90,
      "bd_ictal_mean": -0.3117241379310345,
      "bd_interictal_mean": -0.1638390804597701,
      "bd_t_pvalue": 0.008441406051113678,
      "bd_cohens_d": -1.3546147983432217,
      "bd_significant": true
    },
    "chb02": {
      "n_ictal": 3,
      "n_preictal": 3,
      "n_interictal": 50,
      "bd_ictal_mean": -0.09344827586206898,
      "bd_interictal_mean": -0.07966206896551724,
      "bd_t_pvalue": 0.8725226697458567,
      "bd_cohens_d": -0.10670937396218125,
      "bd_significant": false
    },
    "chb03": {
      "n_ictal": 7,
      "n_preictal": 7,
      "n_interictal": 90,
      "bd_ictal_mean": -0.013054187192118222,
      "bd_interictal_mean": -0.07418007662835249,
      "bd_t_pvalue": 0.123613299045454,
      "bd_cohens_d": 0.704339008800919,
      "bd_significant": false
    },
    "chb04": {
      "n_ictal": 4,
      "n_preictal": 4,
      "n_interictal": 50,
      "bd_ictal_mean": -0.01767241379310345,
      "bd_interictal_mean": -0.09616551724137933,
      "bd_t_pvalue": 0.13102918520415824,
      "bd_cohens_d": 1.0860033603456178,
      "bd_significant": false
    },
    "chb05": {
      "n_ictal": 5,
      "n_preictal": 5,
      "n_interictal": 70,
      "bd_ictal_mean": -0.035172413793103444,
      "bd_interictal_mean": -0.1935320197044335,
      "bd_t_pvalue": 0.018532118285516812,
      "bd_cohens_d": 1.1955911639099732,
      "bd_significant": true
    },
    "chb06": {
      "n_ictal": 10,
      "n_preictal": 10,
      "n_interictal": 90,
      "bd_ictal_mean": -0.12827586206896552,
      "bd_interictal_mean": -0.2752222222222222,
      "bd_t_pvalue": 0.00023925504191687382,
      "bd_cohens_d": 1.5030704311803742,
      "bd_significant": true
    },
    "chb07": {
      "n_ictal": 3,
      "n_preictal": 3,
      "n_interictal": 50,
      "bd_ictal_mean": -0.013563218390804599,
      "bd_interictal_mean": -0.07447586206896552,
      "bd_t_pvalue": 0.2927543786507573,
      "bd_cohens_d": 0.6481678209226621,
      "bd_significant": false
    },
    "chb08": {
      "n_ictal": 5,
      "n_preictal": 5,
      "n_interictal": 70,
      "bd_ictal_mean": -0.31075862068965515,
      "bd_interictal_mean": -0.17549261083743845,
      "bd_t_pvalue": 0.062337173282529336,
      "bd_cohens_d": -1.2047482124912174,
      "bd_significant": false
    },
    "chb09": {
      "n_ictal": 4,
      "n_preictal": 4,
      "n_interictal": 50,
      "bd_ictal_mean": 0.03956896551724138,
      "bd_interictal_mean": -0.10596551724137931,
      "bd_t_pvalue": 0.017471144131323606,
      "bd_cohens_d": 1.7407294462496117,
      "bd_significant": true
    },
    "chb10": {
      "n_ictal": 7,
      "n_preictal": 7,
      "n_interictal": 90,
      "bd_ictal_mean": -0.2537931034482759,
      "bd_interictal_mean": -0.28327969348658993,
      "bd_t_pvalue": 0.4709125249607643,
      "bd_cohens_d": 0.32937887567945573,
      "bd_significant": false
    },
    "chb11": {
      "n_ictal": 3,
      "n_preictal": 3,
      "n_interictal": 50,
      "bd_ictal_mean": -0.21839080459770113,
      "bd_interictal_mean": -0.09038620689655172,
      "bd_t_pvalue": 0.08998110950067574,
      "bd_cohens_d": -1.4199782870107545,
      "bd_significant": false
    },
    "chb12": {
      "n_ictal": 40,
      "n_preictal": 40,
      "n_interictal": 150,
      "bd_ictal_mean": -0.12768965517241376,
      "bd_interictal_mean": -0.10022758620689652,
      "bd_t_pvalue": 0.2619959706988554,
      "bd_cohens_d": -0.196545937287274,
      "bd_significant": false
    },
    "chb13": {
      "n_ictal": 12,
      "n_preictal": 12,
      "n_interictal": 100,
      "bd_ictal_mean": -0.28008620689655167,
      "bd_interictal_mean": -0.1361758620689655,
      "bd_t_pvalue": 0.0044812416231365644,
      "bd_cohens_d": -0.9680672106882092,
      "bd_significant": true
    },
    "chb14": {
      "n_ictal": 8,
      "n_preictal": 8,
      "n_interictal": 90,
      "bd_ictal_mean": -0.14017241379310344,
      "bd_interictal_mean": -0.33798084291187735,
      "bd_t_pvalue": 4.0979750309112524e-17,
      "bd_cohens_d": 2.503803616794615,
      "bd_significant": true
    },
    "chb15": {
      "n_ictal": 20,
      "n_preictal": 20,
      "n_interictal": 160,
      "bd_ictal_mean": -0.036482758620689656,
      "bd_interictal_mean": -0.06814008620689656,
      "bd_t_pvalue": 0.1950999345912664,
      "bd_cohens_d": 0.2912466416884252,
      "bd_significant": false
    },
    "chb16": {
      "n_ictal": 10,
      "n_preictal": 10,
      "n_interictal": 80,
      "bd_ictal_mean": -0.10968965517241377,
      "bd_interictal_mean": -0.05182758620689656,
      "bd_t_pvalue": 0.07094017671885143,
      "bd_cohens_d": -0.7657976070366599,
      "bd_significant": false
    },
    "chb17": {
      "n_ictal": 3,
      "n_preictal": 3,
      "n_interictal": 50,
      "bd_ictal_mean": -0.10471264367816091,
      "bd_interictal_mean": -0.1628,
      "bd_t_pvalue": 0.515429657551173,
      "bd_cohens_d": 0.47037320520219617,
      "bd_significant": false
    },
    "chb18": {
      "n_ictal": 6,
      "n_preictal": 6,
      "n_interictal": 80,
      "bd_ictal_mean": -0.18459770114942528,
      "bd_interictal_mean": -0.1327241379310345,
      "bd_t_pvalue": 0.29790562653572955,
      "bd_cohens_d": -0.4803591517764473,
      "bd_significant": false
    },
    "chb19": {
      "n_ictal": 3,
      "n_preictal": 3,
      "n_interictal": 50,
      "bd_ictal_mean": -0.008965517241379312,
      "bd_interictal_mean": -0.1613241379310345,
      "bd_t_pvalue": 0.10699337006122601,
      "bd_cohens_d": 1.231018127043625,
      "bd_significant": false
    },
    "chb20": {
      "n_ictal": 8,
      "n_preictal": 8,
      "n_interictal": 80,
      "bd_ictal_mean": -0.07508620689655171,
      "bd_interictal_mean": -0.15876293103448275,
      "bd_t_pvalue": 0.05294041205306783,
      "bd_cohens_d": 0.8890571885200605,
      "bd_significant": false
    },
    "chb21": {
      "n_ictal": 4,
      "n_preictal": 4,
      "n_interictal": 60,
      "bd_ictal_mean": -0.2761206896551724,
      "bd_interictal_mean": -0.0967298850574713,
      "bd_t_pvalue": 0.0035898443707005684,
      "bd_cohens_d": -2.110140293871465,
      "bd_significant": true
    },
    "chb22": {
      "n_ictal": 3,
      "n_preictal": 3,
      "n_interictal": 50,
      "bd_ictal_mean": -0.07195402298850574,
      "bd_interictal_mean": -0.07238620689655172,
      "bd_t_pvalue": 0.9940389822554023,
      "bd_cohens_d": 0.005720744355041501,
      "bd_significant": false
    },
    "chb23": {
      "n_ictal": 7,
      "n_preictal": 7,
      "n_interictal": 50,
      "bd_ictal_mean": 0.03325123152709359,
      "bd_interictal_mean": -0.07840689655172413,
      "bd_t_pvalue": 0.007649271553955222,
      "bd_cohens_d": 1.3754497347811654,
      "bd_significant": true
    }
  },
  "per_label_pair": {
    "ictal_vs_interictal": {
      "Boundary Distance": {
        "ictal_mean": -0.12365100416824555,
        "interictal_mean": -0.14105064039408866,
        "ictal_std": 0.13998858981078507,
        "interictal_std": 0.14457330907115912,
        "t_pvalue": 0.1215392624045811,
        "mann_whitney_p": 0.11363718579457666,
        "cohens_d": 0.12227482618714657,
        "significant": false
      },
      "E-I Balance": {
        "ictal_mean": 0.5894888685334679,
        "interictal_mean": 0.5532415833783019,
        "ictal_std": 0.22366254723521017,
        "interictal_std": 0.2678961359545198,
        "t_pvalue": 0.07828451489214461,
        "mann_whitney_p": 0.23562551157898015,
        "cohens_d": 0.14688546700941676,
        "significant": false
      },