{
  "per_subject": {
    "chb01": {
      "n_test": 24,
      "accuracy": 0.875,
      "precision": 0.9230769230769231,
      "recall": 0.8571428571428571,
      "f1": 0.8888888888888888,
      "auc": 0.9285714285714286
    },
    "chb02": {
      "n_test": 16,
      "accuracy": 0.4375,
      "precision": 0.38461538461538464,
      "recall": 0.8333333333333334,
      "f1": 0.5263157894736842,
      "auc": 0.7833333333333333
    },
    "chb03": {
      "n_test": 24,
      "accuracy": 0.4166666666666667,
      "precision": 0.5,
      "recall": 0.6428571428571429,
      "f1": 0.5625,
      "auc": 0.5499999999999999
    },
    "chb04": {
      "n_test": 18,
      "accuracy": 0.6111111111111112,
      "precision": 0.5454545454545454,
      "recall": 0.75,
      "f1": 0.631578947368421,
      "auc": 0.7875000000000001
    },
    "chb05": {
      "n_test": 20,
      "accuracy": 0.55,
      "precision": 0.5263157894736842,
      "recall": 1.0,
      "f1": 0.6896551724137931,
      "auc": 0.92
    },
    "chb06": {
      "n_test": 30,
      "accuracy": 0.6666666666666666,
      "precision": 0.6666666666666666,
      "recall": 1.0,
      "f1": 0.8,
      "auc": 0.585
    },
    "chb07": {
      "n_test": 16,
      "accuracy": 0.625,
      "precision": 0.5,
      "recall": 1.0,
      "f1": 0.6666666666666666,
      "auc": 0.9166666666666666
    },
    "chb08": {
      "n_test": 20,
      "accuracy": 0.45,
      "precision": 0.47368421052631576,
      "recall": 0.9,
      "f1": 0.6206896551724138,
      "auc": 0.48
    },
    "chb09": {
      "n_test": 18,
      "accuracy": 0.5,
      "precision": 0.4666666666666667,
      "recall": 0.875,
      "f1": 0.6086956521739131,
      "auc": 0.7874999999999999
    },
    "chb10": {
      "n_test": 24,
      "accuracy": 0.625,
      "precision": 0.6190476190476191,
      "recall": 0.9285714285714286,
      "f1": 0.7428571428571429,
      "auc": 0.7857142857142857
    },
    "chb11": {
      "n_test": 16,
      "accuracy": 0.625,
      "precision": 0.5,
      "recall": 0.6666666666666666,
      "f1": 0.5714285714285714,
      "auc": 0.6666666666666666
    },
    "chb13": {
      "n_test": 34,
      "accuracy": 0.5294117647058824,
      "precision": 0.75,
      "recall": 0.5,
      "f1": 0.6,
      "auc": 0.4791666666666667
    },
    "chb14": {
      "n_test": 26,
      "accuracy": 0.5384615384615384,
      "precision": 0.5909090909090909,
      "recall": 0.8125,
      "f1": 0.6842105263157895,
      "auc": 0.34375
    },
    "chb15": {
      "n_test": 50,
      "accuracy": 0.28,
      "precision": 0.8333333333333334,
      "recall": 0.125,
      "f1": 0.21739130434782608,
      "auc": 0.5825
    },
    "chb16": {
      "n_test": 30,
      "accuracy": 0.7,
      "precision": 1.0,
      "recall": 0.55,
      "f1": 0.7096774193548387,
      "auc": 0.9
    },
    "chb17": {
      "n_test": 16,
      "accuracy": 0.25,
      "precision": 0.125,
      "recall": 0.16666666666666666,
      "f1": 0.14285714285714285,
      "auc": 0.18333333333333332
    },
    "chb18": {
      "n_test": 22,
      "accuracy": 0.9090909090909091,
      "precision": 0.9166666666666666,
      "recall": 0.9166666666666666,
      "f1": 0.9166666666666666,
      "auc": 0.95
    },
    "chb19": {
      "n_test": 16,
      "accuracy": 0.5625,
      "precision": 0.42857142857142855,
      "recall": 0.5,
      "f1": 0.46153846153846156,
      "auc": 0.5
    },
    "chb20": {
      "n_test": 26,
      "accuracy": 0.9230769230769231,
      "precision": 0.9375,
      "recall": 0.9375,
      "f1": 0.9375,
      "auc": 0.9875
    },
    "chb21": {
      "n_test": 18,
      "accuracy": 0.7777777777777778,
      "precision": 1.0,
      "recall": 0.5,
      "f1": 0.6666666666666666,
      "auc": 0.7000000000000001
    },
    "chb22": {
      "n_test": 16,
      "accuracy": 0.8125,
      "precision": 0.6666666666666666,
      "recall": 1.0,
      "f1": 0.8,
      "auc": 1.0
    },
    "chb23": {
      "n_test": 24,
      "accuracy": 0.6666666666666666,
      "precision": 0.8,
      "recall": 0.5714285714285714,
      "f1": 0.6666666666666666,
      "auc": 0.75
    }
  },
  "overall": {
    "n_segments": 504,
    "accuracy": 0.5952380952380952,
    "precision": 0.6333333333333333,
    "recall": 0.6690140845070423,
    "f1": 0.6506849315068494,
    "auc": 0.6253361075544175
  },
  "model_params": {
    "classifier": "XGBoost-8ch-V2",
    "n_channels": 8,
    "n_estimators": 200,
    "n_bags": 5,
    "n_features": 816,
    "window_sec": 30.0
  }
}