{
  "per_subject": {
    "chb01": {
      "n_test": 24,
      "accuracy": 0.875,
      "precision": 0.8666666666666667,
      "recall": 0.9285714285714286,
      "f1": 0.896551724137931,
      "auc": 0.8785714285714286,
      "mean_fid_ictal_pos": 0.02669297597429834,
      "mean_fid_ictal_neg": 0.05407729485680285,
      "mean_fid_inter_pos": 0.01684860661791646,
      "mean_fid_inter_neg": 0.06015617946103683,
      "mean_score_pos": 0.009844369356381883,
      "mean_score_neg": -0.006078884604233998,
      "separation": 0.01592325396061588,
      "direction": "Correct"
    },
    "chb02": {
      "n_test": 16,
      "accuracy": 0.25,
      "precision": 0.25,
      "recall": 0.5,
      "f1": 0.3333333333333333,
      "auc": 0.16666666666666663,
      "mean_fid_ictal_pos": 0.006979597168717175,
      "mean_fid_ictal_neg": 0.06716408852729044,
      "mean_fid_inter_pos": 0.003992323031476926,
      "mean_fid_inter_neg": 0.020368489811321267,
      "mean_score_pos": 0.002987274137240249,
      "mean_score_neg": 0.04679559871596918,
      "separation": -0.04380832457872893,
      "direction": "Inverted"
    },
    "chb03": {
      "n_test": 24,
      "accuracy": 0.5,
      "precision": 0.6,
      "recall": 0.42857142857142855,
      "f1": 0.5,
      "auc": 0.5642857142857143,
      "mean_fid_ictal_pos": 0.03661651680376626,
      "mean_fid_ictal_neg": 0.08167523366793314,
      "mean_fid_inter_pos": 0.04492456183116263,
      "mean_fid_inter_neg": 0.049108938784424766,
      "mean_score_pos": -0.008308045027396377,
      "mean_score_neg": 0.03256629488350836,
      "separation": -0.040874339910904736,
      "direction": "Inverted"
    },
    "chb04": {
      "n_test": 18,
      "accuracy": 0.5,
      "precision": 0.4,
      "recall": 0.25,
      "f1": 0.3076923076923077,
      "auc": 0.375,
      "mean_fid_ictal_pos": 0.09446596980541633,
      "mean_fid_ictal_neg": 0.0168351926145141,
      "mean_fid_inter_pos": 0.10530844499101236,
      "mean_fid_inter_neg": 0.016602963194289826,
      "mean_score_pos": -0.01084247518559602,
      "mean_score_neg": 0.00023222942022427606,
      "separation": -0.011074704605820296,
      "direction": "Inverted"
    },
    "chb05": {
      "n_test": 20,
      "accuracy": 0.6,
      "precision": 0.5714285714285714,
      "recall": 0.8,
      "f1": 0.6666666666666666,
      "auc": 0.5800000000000001,
      "mean_fid_ictal_pos": 0.05129619665946159,
      "mean_fid_ictal_neg": 0.022118691455325242,
      "mean_fid_inter_pos": 0.027057735564166546,
      "mean_fid_inter_neg": 0.0054168379655886115,
      "mean_score_pos": 0.024238461095295045,
      "mean_score_neg": 0.016701853489736636,
      "separation": 0.00753660760555841,
      "direction": "Correct"
    },
    "chb06": {
      "n_test": 30,
      "accuracy": 0.6,
      "precision": 0.6428571428571429,
      "recall": 0.9,
      "f1": 0.75,
      "auc": 0.8049999999999999,
      "mean_fid_ictal_pos": 0.14166123783890383,
      "mean_fid_ictal_neg": 0.030943688667978714,
      "mean_fid_inter_pos": 0.034951689546220306,
      "mean_fid_inter_neg": 0.0037923713444220665,
      "mean_score_pos": 0.10670954829268356,
      "mean_score_neg": 0.02715131732355665,
      "separation": 0.07955823096912691,
      "direction": "Correct"
    },
    "chb07": {
      "n_test": 16,
      "accuracy": 0.375,
      "precision": 0.16666666666666666,
      "recall": 0.16666666666666666,
      "f1": 0.16666666666666666,
      "auc": 0.36666666666666664,
      "mean_fid_ictal_pos": 0.008694605440757156,
      "mean_fid_ictal_neg": 0.0005091432799831238,
      "mean_fid_inter_pos": 0.010366617441867955,
      "mean_fid_inter_neg": 0.000572327003065222,
      "mean_score_pos": -0.0016720120011108005,
      "mean_score_neg": -6.318372308209823e-05,
      "separation": -0.0016088282780287024,
      "direction": "Inverted"
    },
    "chb08": {
      "n_test": 20,
      "accuracy": 0.3,
      "precision": 0.375,
      "recall": 0.6,
      "f1": 0.46153846153846156,
      "auc": 0.6,
      "mean_fid_ictal_pos": 0.018760925748944283,
      "mean_fid_ictal_neg": 0.00044688314460535034,
      "mean_fid_inter_pos": 0.004466899057087517,
      "mean_fid_inter_neg": 8.499568762340647e-06,
      "mean_score_pos": 0.014294026691856764,
      "mean_score_neg": 0.00043838357584300976,
      "separation": 0.013855643116013755,
      "direction": "Correct"
    },
    "chb09": {
      "n_test": 18,
      "accuracy": 0.6111111111111112,
      "precision": 1.0,
      "recall": 0.125,
      "f1": 0.2222222222222222,
      "auc": 0.4125,
      "mean_fid_ictal_pos": 0.01565754398275444,
      "mean_fid_ictal_neg": 7.361855374546597e-07,
      "mean_fid_inter_pos": 0.03417326890779356,
      "mean_fid_inter_neg": 2.910095595541349e-06,
      "mean_score_pos": -0.018515724925039126,
      "mean_score_neg": -2.1739100580866895e-06,
      "separation": -0.01851355101498104,
      "direction": "Inverted"
    },
    "chb10": {
      "n_test": 24,
      "accuracy": 0.5416666666666666,
      "precision": 0.5652173913043478,
      "recall": 0.9285714285714286,
      "f1": 0.7027027027027027,
      "auc": 0.5785714285714285,
      "mean_fid_ictal_pos": 0.024242576717041716,
      "mean_fid_ictal_neg": 0.007213439032350837,
      "mean_fid_inter_pos": 0.008036707092942555,
      "mean_fid_inter_neg": 0.0014901376016151653,
      "mean_score_pos": 0.016205869624099156,
      "mean_score_neg": 0.005723301430735671,
      "separation": 0.010482568193363484,
      "direction": "Correct"
    },
    "chb11": {
      "n_test": 16,
      "accuracy": 0.625,
      "precision": 0.5,
      "recall": 0.5,
      "f1": 0.5,
      "auc": 0.5166666666666666,
      "mean_fid_ictal_pos": 0.04318692405607644,
      "mean_fid_ictal_neg": 0.026284739103729537,
      "mean_fid_inter_pos": 0.04390632738692172,
      "mean_fid_inter_neg": 0.016852284527413938,
      "mean_score_pos": -0.000719403330845303,
      "mean_score_neg": 0.0094324545763156,
      "separation": -0.010151857907160902,
      "direction": "Inverted"
    },
    "chb13": {
      "n_test": 34,
      "accuracy": 0.9117647058823529,
      "precision": 1.0,
      "recall": 0.875,
      "f1": 0.9333333333333333,
      "auc": 0.9500000000000001,
      "mean_fid_ictal_pos": 0.009129155142559544,
      "mean_fid_ictal_neg": 0.015200066552177335,
      "mean_fid_inter_pos": 0.006241875124238694,
      "mean_fid_inter_neg": 0.017874947270440384,
      "mean_score_pos": 0.002887280018320852,
      "mean_score_neg": -0.002674880718263042,
      "separation": 0.005562160736583895,
      "direction": "Correct"
    },
    "chb14": {
      "n_test": 26,
      "accuracy": 0.6153846153846154,
      "precision": 0.6153846153846154,
      "recall": 1.0,
      "f1": 0.7619047619047619,
      "auc": 0.55625,
      "mean_fid_ictal_pos": 0.0029790324113497316,
      "mean_fid_ictal_neg": 0.0008324906545562177,
      "mean_fid_inter_pos": 0.0003622942801998965,
      "mean_fid_inter_neg": 3.0123030312940176e-05,
      "mean_score_pos": 0.0026167381311498353,
      "mean_score_neg": 0.0008023676242432775,
      "separation": 0.0018143705069065578,
      "direction": "Correct"
    },
    "chb15": {
      "n_test": 50,
      "accuracy": 0.3,
      "precision": 0.7777777777777778,
      "recall": 0.175,
      "f1": 0.2857142857142857,
      "auc": 0.39,
      "mean_fid_ictal_pos": 0.03256340098124685,
      "mean_fid_ictal_neg": 0.0007967438614735212,
      "mean_fid_inter_pos": 0.04555176590193162,
      "mean_fid_inter_neg": 0.005594172346270279,
      "mean_score_pos": -0.012988364920684777,
      "mean_score_neg": -0.004797428484796758,
      "separation": -0.00819093643588802,
      "direction": "Inverted"
    },
    "chb16": {
      "n_test": 30,
      "accuracy": 0.4,
      "precision": 0.5833333333333334,
      "recall": 0.35,
      "f1": 0.4375,
      "auc": 0.375,
      "mean_fid_ictal_pos": 0.061748038392383596,
      "mean_fid_ictal_neg": 0.11947664247813136,