{
  "per_subject": {
    "chb01": {
      "n_train": 462,
      "n_test": 24,
      "accuracy": 1.0,
      "precision": 1.0,
      "recall": 1.0,
      "f1": 1.0,
      "auc": 1.0
    },
    "chb02": {
      "n_train": 471,
      "n_test": 15,
      "accuracy": 1.0,
      "precision": 1.0,
      "recall": 1.0,
      "f1": 1.0,
      "auc": 1.0
    },
    "chb03": {
      "n_train": 462,
      "n_test": 24,
      "accuracy": 0.75,
      "precision": 1.0,
      "recall": 0.5714285714285714,
      "f1": 0.7272727272727273,
      "auc": 0.6214285714285714
    },
    "chb04": {
      "n_train": 468,
      "n_test": 18,
      "accuracy": 0.7777777777777778,
      "precision": 0.8333333333333334,
      "recall": 0.625,
      "f1": 0.7142857142857143,
      "auc": 0.7875
    },
    "chb05": {
      "n_train": 466,
      "n_test": 20,
      "accuracy": 0.9,
      "precision": 0.8333333333333334,
      "recall": 1.0,
      "f1": 0.9090909090909091,
      "auc": 1.0
    },
    "chb06": {
      "n_train": 460,
      "n_test": 26,
      "accuracy": 0.6153846153846154,
      "precision": 0.6153846153846154,
      "recall": 1.0,
      "f1": 0.761904761904762,
      "auc": 0.6687500000000001
    },
    "chb07": {
      "n_train": 470,
      "n_test": 16,
      "accuracy": 0.5625,
      "precision": 0.46153846153846156,
      "recall": 1.0,
      "f1": 0.631578947368421,
      "auc": 1.0
    },
    "chb08": {
      "n_train": 466,
      "n_test": 20,
      "accuracy": 0.6,
      "precision": 0.5555555555555556,
      "recall": 1.0,
      "f1": 0.7142857142857143,
      "auc": 1.0
    },
    "chb09": {
      "n_train": 468,
      "n_test": 18,
      "accuracy": 0.4444444444444444,
      "precision": 0.4444444444444444,
      "recall": 1.0,
      "f1": 0.6153846153846153,
      "auc": 0.9624999999999999
    },
    "chb10": {
      "n_train": 462,
      "n_test": 24,
      "accuracy": 0.75,
      "precision": 0.7,
      "recall": 1.0,
      "f1": 0.8235294117647058,
      "auc": 0.9857142857142858
    },
    "chb11": {
      "n_train": 470,
      "n_test": 16,
      "accuracy": 0.75,
      "precision": 0.6,
      "recall": 1.0,
      "f1": 0.7499999999999999,
      "auc": 0.9333333333333333
    },
    "chb13": {
      "n_train": 452,
      "n_test": 34,
      "accuracy": 0.6176470588235294,
      "precision": 0.7619047619047619,
      "recall": 0.6666666666666666,
      "f1": 0.7111111111111111,
      "auc": 0.6083333333333333
    },
    "chb14": {
      "n_train": 462,
      "n_test": 24,
      "accuracy": 0.5,
      "precision": 0.5555555555555556,
      "recall": 0.7142857142857143,
      "f1": 0.6250000000000001,
      "auc": 0.5714285714285715
    },
    "chb15": {
      "n_train": 436,
      "n_test": 50,
      "accuracy": 0.4,
      "precision": 0.9166666666666666,
      "recall": 0.275,
      "f1": 0.4230769230769231,
      "auc": 0.7025
    },
    "chb16": {
      "n_train": 466,
      "n_test": 20,
      "accuracy": 0.9,
      "precision": 1.0,
      "recall": 0.8,
      "f1": 0.888888888888889,
      "auc": 0.97
    },
    "chb17": {
      "n_train": 470,
      "n_test": 16,
      "accuracy": 0.625,
      "precision": 0.5,
      "recall": 0.6666666666666666,
      "f1": 0.5714285714285715,
      "auc": 0.6833333333333333
    },
    "chb18": {
      "n_train": 464,
      "n_test": 22,
      "accuracy": 0.7727272727272727,
      "precision": 1.0,
      "recall": 0.5833333333333334,
      "f1": 0.7368421052631579,
      "auc": 0.8416666666666667
    },
    "chb19": {
      "n_train": 470,
      "n_test": 16,
      "accuracy": 0.8125,
      "precision": 0.8,
      "recall": 0.6666666666666666,
      "f1": 0.7272727272727272,
      "auc": 0.8666666666666667
    },
    "chb20": {
      "n_train": 460,
      "n_test": 26,
      "accuracy": 0.6538461538461539,
      "precision": 0.64,
      "recall": 1.0,
      "f1": 0.7804878048780487,
      "auc": 0.9750000000000001
    },
    "chb21": {
      "n_train": 469,
      "n_test": 17,
      "accuracy": 0.8235294117647058,
      "precision": 1.0,
      "recall": 0.5714285714285714,
      "f1": 0.7272727272727273,
      "auc": 0.8571428571428571
    },
    "chb22": {
      "n_train": 470,
      "n_test": 16,
      "accuracy": 1.0,
      "precision": 1.0,
      "recall": 1.0,
      "f1": 1.0,
      "auc": 1.0
    },
    "chb23": {
      "n_train": 462,
      "n_test": 24,
      "accuracy": 0.9583333333333334,
      "precision": 1.0,
      "recall": 0.9285714285714286,
      "f1": 0.962962962962963,
      "auc": 1.0
    }
  },
  "overall": {
    "n_segments": 486,
    "accuracy": 0.7098765432098766,
    "precision": 0.7256317689530686,
    "recall": 0.7556390977443609,
    "f1": 0.7403314917127071,
    "auc": 0.7989917976760081
  },
  "model_params": {
    "classifier": "RandomForest",
    "n_estimators": 300,
    "window_sec": 30.0,
    "n_features": 2016,
    "n_channels": 18,
    "feature_set": "ClassicalBaselineV3_ChannelHarmonized"
  }
}